s_user_no,year
348133,484
365070,482
383354,481
385807,484
392323,482
399471,484
404226,482
409828,482
412527,482
413682,481
419171,479
419955,479
421098,482
422371,482
426373,484
426901,482
429144,484
430791,482
433164,482
433659,480
435700,480
438686,482
439271,478
440650,481
443260,484
444353,482
445052,482
445986,481
446683,482
447101,482
451593,481
451776,481
451873,480
451927,482
451965,482
453257,482
454308,480
455606,482
457541,481
459530,481
463603,481
464650,482
464776,482
464844,481
465043,482
468132,482
468631,481
468700,482
469107,482
469240,481
469969,482
472016,481
472798,482
472914,482
473485,482
474915,482
475258,482
476519,484
477387,482
478634,480
479138,481
479800,482
481501,479
482463,481
483347,482
483834,482
485023,481
485044,482
485178,481
485645,481
485741,484
486270,482
486906,482
487084,481
487244,482
488676,481
489118,482
489129,481
489310,482
489549,482
489962,482
491318,481
491797,481
491874,482
492008,482
492471,484
492527,481
492566,481
493171,482
493308,481
493325,482
493817,481
494132,482
494895,481
495057,484
496004,482
497001,482
497094,480
497357,481
497450,481
497943,481
498534,481
499821,482
500235,482
500493,481
500828,480
503055,482
503951,482
504318,481
505003,482
505665,481
506151,481
507128,481
507612,482
507918,482
509274,481
509652,481
509706,481
511109,482
511713,481
511714,482
511964,482
514765,482
515175,482
515460,481
515976,482
516381,481
517074,481
517433,482
517536,482
517582,482
518822,482
518916,481
519125,482
519446,482
519490,482
520088,482
520820,482
520919,484
521822,481
523945,482
524413,481
526708,481
527000,482
527511,481
528471,481
529269,482
529552,482
530091,482
530195,482
530353,482
530472,481
530892,480
531154,482
531178,482
531519,482
532499,482
532631,482
532803,482
533186,481
533636,482
533680,481
534199,482
534201,482
534810,484
534854,480
534855,481
535024,482
535169,481
535388,482
535508,482
536038,480
538913,481
539312,482
539518,482
539677,481
540537,482
541245,482
541428,482
541547,481
542129,484
542314,481
542347,481
542869,482
543116,482
543131,481
543884,482
545703,480
545848,480
546204,481
547136,482
547743,480
547906,482
548573,480
548758,480
549197,480
549213,482
549215,482
549221,484
549698,484
549802,481
549817,482
549989,482
550113,482
550140,481
550185,481
550303,482
550423,481
550633,480
551258,481
551471,482
551536,481
551558,482
551999,482
552106,481
552336,484
552402,481
552792,481
552800,482
553543,481
553717,482
553723,481
553757,479
554257,481
554529,480
555304,484
555335,482
555524,482
555674,481
556238,481
556406,481
556432,481
556450,481
556455,481
556919,482
557138,482
557429,480
557808,482
557818,480
557908,482
558538,480
558967,481
559110,482
559115,481
559459,482
559575,484
559764,481
559817,478
559864,481
560458,481
560558,481
560795,481
561152,480
561433,480
561469,481
561513,482
561582,478
561721,482
561792,482
561880,480
562000,484
562621,482
562653,481
562943,480
563287,481
563909,482
563930,481
563941,481
564103,480
564113,482
564331,482
564350,481
564375,482
564758,482
564870,482
564891,480
565218,480
565416,482
566068,480
566170,481
566765,481
567627,481
567685,482
567953,480
568270,482
568825,481
568933,482
568976,482
569089,481
569515,482
569852,480
569860,480
569862,480
570170,482
570209,481
570538,482
570860,482
571030,479
571045,480
571117,480
571217,481
571470,481
571638,481
571677,481
571948,481
572266,479
572953,480
573032,481
573197,481
573293,482
573948,479
574306,479
574760,480
574918,480
575629,481
575713,479
575960,481
576048,482
576227,482
576271,481
576457,481
576479,481
576836,480
577027,481
577094,482
577690,481
578152,484
578181,484
579126,478
579261,482
579588,481
579707,480
579885,482
580020,481
580222,482
580374,481
580389,481
580570,482
580946,482
581161,480
581261,482
581487,482
581536,481
581593,482
581637,482
581719,482
581933,480
582025,482
582283,482
582463,479
582562,482
582743,482
583114,482
583246,482
583452,482
583596,480
583619,482
583705,480
583823,482
584303,479
584617,480
584847,481
584899,481
584905,480
585254,481
585353,480
585437,481
585540,481
585568,481
585692,484
586350,481
586604,480
586868,482
586873,482
587193,482
587245,480
587560,481
587618,482
587647,482
588039,482
588058,482
588167,481
588221,481
588238,480
588267,482
588341,481
588369,482
588641,481
588657,481
588703,480
589026,481
589372,480
589386,484
589404,481
589552,479
589760,481
589928,481
590169,478
590274,481
590794,482
590991,480
591310,481
591536,482
591964,479
592378,481
592399,481
592559,479
592860,481
592917,480
593163,480
593186,480
593448,480
593614,482
593786,482
593995,481
594011,482
594674,482
594728,482
594755,482
594913,480
594947,479
594969,481
595300,481
595402,480
595607,481
595742,482
595803,482
595822,480
596306,482
596345,480
596434,482
596480,482
596724,481
596738,480
596912,480
596966,480
597002,480
597174,481
597552,482
597873,481
598074,479
598092,482
598253,481
598375,482
598751,482
598770,481
598780,481
599024,482
599081,481
599093,480
599209,482
599319,484
599398,479
599435,482
599460,480
599509,482
599721,480
599802,481
599812,480
600043,480
600167,479
600168,481
600873,482
601002,481
601247,482
601343,481
601396,482
601465,482
601501,481
601537,481
601746,481
601851,481
602014,481
602082,482
602167,480
602315,482
602352,482
602621,481
602638,480
602645,481
602682,482
602821,480
602874,481
602905,480
602949,481
603003,482
603041,479
603145,481
603149,480
603157,482
603247,480
603253,481
603471,480
603732,482
603815,482
603892,480
603897,482
603980,480
604058,481
604071,481
604143,481
604181,479
604187,479
604202,481
604645,484
605085,480
605321,479
605727,480
605728,479
605748,484
606225,478
606268,479
606500,481
606552,481
606605,481
607238,480
607341,482
607386,480
607996,480
608024,481
608088,481
608162,482
608217,481
608231,479
608240,479
608318,482
608326,481
608398,481
608864,480
609178,481
609232,482
609284,481
609300,482
609549,480
609589,480
609788,481
610039,482
610291,480
610350,482
610443,480
610519,482
610697,481
610724,482
610810,481
610836,481
610991,480
611309,479
611343,482
611481,480
611527,482
611565,481
611661,480
611668,480
611677,480
611820,481
611852,480
611864,479
611872,481
611896,478
611911,479
612050,482
612069,481
612241,482
612250,482
612274,480
612371,480
612560,484
612648,482
612795,482
612823,480
612837,481
612874,482
612928,482
612987,481
613104,482
613185,480
613302,482
613521,482
613576,482
613606,481
613627,481
613869,482
613910,482
613917,481
614245,482
614336,479
614409,482
614553,482
614620,480
614637,479
614743,479
614810,481
615180,482
615201,482
615258,482
615275,482
615319,481
615415,482
615421,482
615443,482
615483,479
615658,482
615681,482
615766,480
615836,481
615931,479
616042,481
616065,482
616125,478
616143,482
616191,482
616245,480
616256,480
616280,480
616290,480
616352,482
616434,480
616618,482
616769,480
616772,482
616793,482
616916,478
616937,482
616979,480
617001,481
617062,484
617069,482
617119,482
617202,480
617245,482
617319,481
617352,482
617429,482
617524,480
617913,482
617981,482
618131,482
618148,482
618240,482
618283,480
618317,480
618320,481
618336,482
618736,481
618843,479
618909,480
618936,481
618981,484
618982,479
618984,479
619097,480
619133,479
619139,480
619147,481
619164,480
619306,480
619405,481
619455,482
619479,482
619506,480
619608,480
619634,480
619734,479
619741,480
619801,482
619838,479
620038,481
620046,479
620053,479
620087,481
620142,481
620246,482
620380,479
620382,481
620387,479
620388,480
620410,482
620501,479
620590,482
620616,481
620650,482
620667,482
620668,484
620787,479
620837,482
620852,482
620895,480
620896,480
620968,481
621006,480
621009,480
621022,481
621024,482
621195,480
621259,478
621262,482
621274,481
621277,482
621282,482
621397,480
621484,480
621490,482
621491,481
621503,479
621517,479
621524,481
621551,480
621568,480
621716,482
621739,478
621770,479
621858,481
621867,484
621896,482
621928,482
621950,480
621958,480
622108,481
622161,482
622189,479
622273,482
622357,481
622361,482
622371,480
622436,482
622472,482
622494,481
622501,480
622567,480
622604,482
622610,479
622729,481
622733,482
622926,481
623032,481
623034,482
623050,482
623054,481
623063,479
623067,479
623103,479
623356,482
623392,480
623436,482
623567,482
623573,480
623645,479
623811,482
623829,479
623901,481
623955,481
623959,482
624016,482
624133,482
624237,480
624299,480
624346,480
624350,482
624512,480
624517,480
624579,482
624593,480
624608,480
624638,479
624639,481
624661,479
624664,481
624668,482
624698,481
624846,481
624983,482
625005,480
625013,481
625090,482
625092,479
625328,482
625634,482
625682,482
625753,480
625790,479
625825,480
625847,480
625902,480
625904,480
625907,482
625916,482
625945,480
626033,481
626155,481
626161,481
626162,479
626173,481
626196,482
626199,480
626221,479
626247,480
626334,480
626336,482
626381,480
626458,481
626466,482
626526,481
626533,480
626543,480
626625,482
626636,481
626654,482
626750,481
626758,479
626995,480
627028,484
627035,484
627044,482
627152,480
627209,479
627334,482
627352,481
627387,479
627391,481
627402,481
627434,482
627883,479
628087,480
628158,480
628466,479
628516,482
628647,480
628721,482
628772,482
628813,480
628820,481
629081,481
629216,480
629281,482
629288,479
629300,478
629336,479
629378,481
629381,482
629639,482
629652,479
629738,482
629849,481
629873,482
629886,481
629953,482
630004,482
630087,479
630105,480
630152,479
630156,481
630163,479
630191,482
630203,482
630222,482
630240,482
630317,480
630324,482
630362,482
630489,481
630496,480
630551,479
630664,479
630675,481
630772,482
631152,482
631194,482
631286,479
631468,482
631485,481
631515,482
631518,482
631522,482
631633,482
631662,482
631685,481
631746,480
631780,482
631850,482
631859,479
632177,481
632245,482
632252,481
632256,482
632395,482
632436,480
632450,482
632463,482
632585,480
632613,479
632721,482
632731,481
632738,480
632742,478
632851,482
632859,482
632956,482
633052,480
633316,482
633491,482
633501,482
633517,480
633518,480
633615,481
633622,481
633634,482
633635,482
633641,482
633660,480
633679,482
633686,480
633706,479
633729,482
633755,480
633804,482
633934,482
634071,482
634140,479
634229,482
634239,480
634248,481
634255,480
634277,479
634439,482
634858,481
634908,479
635031,480
635149,479
635160,480
635319,482
635330,480
635337,479
635373,482
635466,482
635692,479
635861,482
635993,481
636058,482
636201,479
636202,479
636228,479
636620,481
636637,481
636670,479
636785,479
636812,482
636936,482
636943,482
636962,481
637090,479
637096,482
637097,479
637116,482
637120,482
637176,479
637367,481
637537,482
637567,482
637578,481
637589,481
637602,482
637715,482
637754,479
637757,482
637768,480
637774,482
637775,482
637776,481
637782,479
637786,480
637836,480
637858,482
637875,481
637896,482
637933,482
637979,481
637980,482
637997,480
638004,482
638039,480
638065,482
638133,481
638176,482
638191,482
638193,482
638263,481
638264,482
638270,482
638284,479
638285,479
638297,482
638304,480
638309,480
638340,482
638430,480
638443,482
638605,482
638622,482
638671,478
638716,482
638740,481
638745,479
638785,479
638787,482
638821,481
638878,482
638927,482
638959,482
638983,479
638986,482
639006,482
639180,481
639202,479
639211,481
639236,480
639238,482
639239,479
639271,480
639279,480
639365,480
639368,482
639375,480
639415,480
639422,482
639425,480
639436,481
639437,482
639443,479
639462,479
639494,482
639728,480
639766,477
639767,482
639787,480
639789,479
639803,480
639812,481
639890,480
639894,481
639897,480
639922,482
639942,478
639992,480
640021,481
640060,482
640080,481
640101,480
640156,480
640222,481
640290,480
640294,481
640308,479
640316,480
640320,482
640327,479
640340,481
640408,482
640409,481
640594,482
640606,480
640695,480
640753,480
640784,481
640801,479
640834,482
640872,482
640881,479
640889,481
640904,482
640933,480
640985,479
641025,482
641027,480
641034,481
641040,482
641051,482
641064,482
641066,482
641119,480
641132,482
641167,482
641340,480
641352,480
641424,484
641430,482
641434,481
641436,480
641440,479
641472,481
641487,482
641503,481
641526,482
641584,480
641692,482
641714,482
641720,482
641760,481
641836,479
641975,479
642091,481
642119,481
642184,482
642186,481
642193,481
642194,482
642222,482
642254,479
642320,481
642344,484
642376,481
642458,479
642470,481
642608,480
642609,480
642733,479
642964,479
642970,482
643139,480
643237,482
643324,482
643356,480
643400,481
643472,479
643480,477
643711,482
643801,482
643807,480
643838,482
643875,482
643934,480
643980,479
644064,479
644130,481
644140,482
644173,482
644182,482
644183,482
644196,480
644200,481
644259,482
644262,481
644264,482
644267,480
644281,480
644353,481
644402,482
644403,481
644408,479
644410,481
644421,482
644441,482
644443,482
644460,482
644474,480
644602,482
644625,482
644701,480
644709,479
644721,481
644735,482
644775,481
644786,480
644788,482
644872,481
644896,481
644915,479
644928,482
644930,480
644933,482
644938,479
644944,479
644951,482
644961,480
644962,480
644973,480
645041,479
645046,481
645058,480
645081,482
645108,482
645171,482
645181,478
645222,482
645232,482
645237,480
645241,480
645245,480
645251,480
645254,480
645333,481
645348,480
645370,479
645371,481
645387,481
645414,481
645463,479
645593,480
645598,480
645609,482
645628,479
645654,481
645679,482
645689,480
645702,479
645707,481
645773,482
645781,481
645788,479
645794,481
645810,482
645837,482
645877,481
645882,482
645927,482
645943,481
645987,480
645996,480
646009,480
646055,481
646084,482
646117,479
646128,480
646144,479
646158,482
646168,482
646176,481
646232,482
646268,481
646330,482
646356,481
646367,481
646420,480
646437,482
646439,482
646504,478
646564,479
646568,479
646573,482
646595,482
646613,481
646640,482
646656,482
646659,481
646676,481
646677,479
646690,482
646711,480
646724,482
646764,482
646765,482
646772,482
646785,481
646792,482
646817,482
646831,482
646870,480
646873,480
646876,480
646887,482
646941,482
646976,481
646982,482
647003,482
647021,481
647034,478
647035,481
647039,482
647047,480
647099,479
647111,480
647131,481
647187,482
647195,480
647210,480
647245,480
647256,480
647337,482
647338,482
647372,482
647398,482
647443,480
647446,480
647464,480
647490,482
647560,482
647561,479
647580,482
647640,482
647653,482
647746,482
647759,480
647778,480
647788,482
647796,480
647800,482
647843,481
647851,481
647871,482
647904,482
647906,479
647941,481
647947,482
647966,480
647972,482
647992,479
648028,480
648029,481
648045,481
648046,480
648055,482
648099,481
648100,481
648103,481
648175,479
648233,482
648324,480
648344,481
648407,482
648476,480
648568,482
648570,479
648612,482
648615,480
648635,479
648638,482
648641,479
648665,480
648675,482
648686,482
648726,479
648744,482
648745,482
648752,480
648769,481
648789,481
648797,480
648799,482
648877,479
648925,482
648933,479
648935,482
648950,479
648975,482
648988,482
649132,482
649240,482
649242,482
649243,482
649246,482
649266,480
649288,480
649290,481
649300,482
649328,481
649337,478
649366,481
649385,482
649406,482
649431,479
649434,482
649436,480
649459,479
649469,481
649558,478
649572,481
649610,482
649612,481
649666,482
649744,481
649796,479
649813,482
649821,481
649823,482
649839,482
649993,481
650007,480
650035,480
650038,479
650062,480
650063,479
650093,482
650160,480
650167,482
650208,481
650256,482
650280,481
650281,482
650288,480
650290,480
650314,478
650323,480
650341,481
650342,482
650413,480
650454,479
650471,480
650482,482
650518,482
650575,480
650587,480
650589,479
650636,478
650782,484
650822,482
650846,481
650860,479
650882,482
650903,481
650907,479
650957,482
650970,479
650980,482
650988,479
650991,481
651039,478
651085,480
651129,481
651132,480
651151,480
651208,480
651212,479
651217,477
651219,479
651296,481
651301,481
651309,479
651314,479
651321,482
651479,480
651497,699
651603,482
651620,481
651685,481
651726,482
651760,482
651774,481
651821,479
651838,482
651889,482
651903,478
651909,478
651944,479
651946,479
651951,480
651962,482
652019,481
652105,482
652112,481
652134,481
652136,479
652147,480
652244,481
652272,479
652280,482
652281,481
652282,481
652293,482
652295,481
652446,482
652465,482
652480,482
652562,482
652575,481
652665,480
652705,479
652707,478
652716,480
652739,482
652769,481
652813,482
652849,479
652885,480
652893,481
652943,482
652950,481
652965,482
652968,482
653010,480
653063,699
653074,479
653079,481
653085,479
653093,481
653102,482
653151,482
653196,480
653200,482
653207,478
653238,482
653242,482
653336,480
653341,482
653347,479
653462,479
653496,478
653498,479
653515,479
653529,482
653548,479
653552,482
653554,479
653592,478
653627,482
653639,481
653653,478
653655,482
653666,482
653668,482
653674,481
653679,481
653681,480
653684,482
653686,481
653691,482
653705,480
653711,479
653713,480
653739,482
653774,478
653814,481
653897,481
653917,481
653921,481
653945,479
653953,479
653961,482
653989,480
654058,478
654070,481
654074,478
654087,480
654267,482
654273,482
654283,481
654285,480
654304,481
654334,480
654349,480
654350,480
654363,480
654438,478
654506,478
654517,482
654527,478
654540,481
654546,478
654554,482
654563,481
654567,481
654568,479
654653,482
654670,480
654683,479
654684,481
654722,482
654822,480
655007,478
655024,482
655039,479
655040,481
655047,479
655067,482
655072,479
655114,480
655116,480
655123,479
655135,482
655140,479
655143,479
655163,480
655210,482
655267,481
655271,479
655289,481
655310,481
655319,482
655330,480
655360,481
655370,482
655372,478
655387,481
655393,479
655398,482
655403,481
655560,482
655570,481
655579,478
655603,482
655616,482
655671,481
655679,479
655680,479
655686,479
655689,482
655700,482
655702,480
655703,479
655725,480
655780,479
655784,480
655786,482
655788,480
655791,482
655827,479
655829,482
655841,480
655849,481
655904,482
655941,479
655996,482
656041,482
656044,479
656070,480
656091,479
656123,478
656245,482
656250,481
656262,478
656322,482
656323,479
656375,479
656389,480
656394,482
656438,482
656447,482
656452,479
656472,478
656496,480
656507,479
656520,481
656525,480
656531,482
656567,479
656570,482
656574,481
656604,482
656619,482
656627,480
656639,480
656690,482
656707,479
656712,479
656720,480
656731,482
656738,482
656739,480
656853,482
656858,479
656872,481
656879,478
656882,480
656883,479
656900,482
656905,480
656921,479
656942,480
656984,479
656997,479
656999,482
657000,479
657027,479
657031,480
657049,482
657057,482
657121,481
657126,479
657147,482
657156,482
657158,480
657168,482
657181,482
657201,482
657224,482
657226,482
657227,481
657234,481
657240,482
657244,482
657245,482
657253,481
657258,482
657268,482
657295,482
657307,479
657313,480
657316,480
657351,480
657353,482
657368,479
657374,479
657377,479
657440,482
657450,482
657532,482
657534,482
657542,478
657582,482
657587,479
657605,480
657611,478
657622,481
657623,482
657629,479
657631,480
657651,482
657664,482
657680,479
657716,479
657717,480
657720,482
657723,480
657735,481
657736,482
657774,479
657784,482
657799,482
657814,482
657828,479
657847,478
657850,479
657862,481
657873,479
657914,480
657916,479
657943,484
657948,481
657967,480
657981,482
657995,481
658002,481
658007,479
658021,482
658026,481
658039,480
658042,481
658122,482
658182,478
658193,481
658203,481
658226,478
658243,482
658266,482
658287,482
658301,481
658332,481
658338,480
658339,480
658358,480
658396,482
658425,480
658436,480
658439,480
658449,479
658450,481
658453,481
658472,482
658513,478
658529,482
658539,482
658564,481
658569,482
658601,481
658612,478
658616,481
658628,480
658676,482
658685,482
658725,479
658847,482
658882,481
658889,482
658934,482
658993,478
659010,481
659024,482
659028,479
659051,480
659062,480
659082,479
659085,480
659163,479
659171,482
659173,481
659175,479
659199,481
659201,482
659205,482
659213,480
659223,479
659269,481
659275,482
659295,482
659364,481
659443,482
659446,479
659454,480
659457,482
659474,480
659568,482
659572,481
659580,481
659582,481
659591,479
659593,481
659621,479
659624,479
659634,482
659644,481
659680,479
659723,481
659726,479
659750,479
659772,481
659780,481
659790,481
659800,481
659801,482
659805,481
659881,482
659891,481
659918,481
659923,481
659931,479
659939,479
659976,481
660096,482
660112,481
660119,478
660129,480
660130,481
660132,481
660137,481
660138,481
660142,478
660148,478
660185,481
660186,481
660203,479
660205,479
660210,479
660218,481
660233,481
660241,479
660250,478
660252,481
660267,481
660273,479
660282,479
660283,480
660324,479
660331,477
660360,481
660394,478
660405,480
660495,481
660542,479
660564,481
660574,478
660600,478
660606,481
660612,481
660617,480
660618,482
660620,481
660629,481
660678,479
660682,482
660686,479
660693,478
660701,479
660705,479
660711,479
660714,480
660718,481
660750,482
660751,479
660754,480
660781,481
660783,482
660798,482
660802,479
660814,482
660818,480
660836,480
660847,482
660856,481
660877,479
660909,482
660932,481
660946,480
660948,479
660950,478
660964,482
660988,480
660992,481
660993,482
660996,481
660999,481
661000,480
661005,481
661020,479
661021,481
661028,481
661040,479
661054,479
661110,479
661115,478
661118,481
661123,481
661125,479
661131,479
661143,480
661148,482
661169,482
661235,484
661276,481
661317,481
661339,479
661353,479
661358,478
661384,481
661388,482
661400,482
661408,479
661411,480
661416,480
661422,482
661432,479
661457,479
661459,478
661493,480
661526,481
661577,481
661597,481
661622,480
661631,481
661666,480
661689,480
661693,478
661698,479
661700,482
661702,480
661738,480
661742,481
661758,482
661762,479
661782,478
661791,479
661792,480
661794,480
661795,479
661798,481
661799,479
661832,481
661833,480
661847,482
661848,479
661849,479
661851,479
661932,480
661939,480
661962,480
661970,482
661972,479
661981,480
661986,479
661994,479
661996,480
661997,484
662000,480
662021,480
662023,480
662035,480
662050,482
662055,480
662056,484
662058,480
662061,482
662091,484
662093,480
662101,484
662102,482
662106,482
662112,480
662152,481
662171,481
662176,480
662182,482
662215,479
662255,479
662326,481
662368,479
662380,480
662383,480
662388,479
662400,479
662420,479
662425,479
662436,481
662450,479
662453,481
662461,478
662462,482
662466,481
662467,481
662517,479
662521,481
662530,482
662537,480
662541,482
662551,479
662556,482
662562,482
662567,479
662571,479
662611,479
662624,481
662625,481
662682,482
662699,480
662726,481
662738,482
662753,481
662760,479
662767,481
662771,482
662773,481
662776,480
662780,480
662785,479
662789,481
662800,482
662825,479
662829,480
662837,480
662846,482
662847,479
662848,481
662849,478
662852,482
662902,481
662916,482
662922,480
662932,481
662939,481
662941,482
662955,478
662956,480
662957,481
662961,478
662981,481
662984,481
663004,482
663012,480
663014,478
663017,479
663023,480
663060,481
663092,480
663101,482
663115,480
663128,480
663131,482
663136,481
663166,480
663181,482
663187,482
663192,479
663194,480
663195,479
663198,480
663203,480
663205,481
663206,482
663209,480
663211,477
663234,481
663246,482
663258,480
663260,478
663270,479
663281,480
663284,482
663299,480
663300,482
663324,479
663337,480
663371,482
663377,482
663378,480
663389,480
663392,481
663396,480
663412,479
663420,482
663440,482
663461,479
663463,482
663466,478
663472,478
663512,480
663515,481
663516,482
663517,478
663532,481
663563,482
663576,482
663579,480
663581,479
663590,480
663602,481
663625,481
663635,480
663638,482
663640,478
663650,482
663651,479
663672,482
663687,482
663702,482
663708,479
663711,480
663720,479
663732,478
663784,480
663788,480
663797,479
663833,478
663841,478
663845,480
663846,480
663858,482
663864,478
663953,482
663956,478
663960,480
663974,480
664071,482
664075,482
664078,482
664087,481
664094,480
664111,482
664118,481
664122,482
664139,482
664153,479
664173,481
664186,482
664191,481
664213,481
664272,479
664277,481
664320,480
664322,480
664328,481
664336,481
664346,480
664354,482
664356,479
664363,481
664368,480
664372,481
664376,482
664377,479
664380,481
664408,482
664411,480
664445,480
664447,481
664452,481
664454,480
664460,481
664473,482
664478,479
664530,480
664544,481
664553,482
664583,482
664610,480
664642,482
664653,481
664662,480
664666,478
664676,479
664681,481
664686,481
664723,481
664732,481
664748,479
664750,479
664751,480
664759,479
664761,482
664764,480
664765,480
664766,482
664785,482
664797,481
664798,479
664800,480
664816,482
664819,480
664832,480
664851,480
664859,480
664871,480
665016,480
665027,478
665034,482
665041,480
665045,482
665056,481
665062,479
665090,481
665093,481
665119,482
665128,482
665139,480
665152,481
665154,480
665155,482
665200,482
665226,480
665254,479
665260,479
665261,481
665264,482
665274,479
665322,480
665349,479
665377,481
665381,480
665389,480
665390,481
665391,481
665393,478
665437,482
665438,480
665458,480
665464,480
665477,481
665503,481
665506,480
665518,477
665544,481
665596,481
665726,481
665774,481
665795,478
665824,480
665834,480
665849,480
665851,480
665855,478
665872,479
665876,481
665901,481
665905,481
665918,482
665925,479
665929,481
665978,480
665991,481
665999,482
666051,479
666098,480
666100,479
666108,479
666129,480
666142,482
666161,479
666166,480
666174,480
666182,480
666186,480
666208,482
666216,481
666262,479
666279,480
666281,478
666283,484
666288,481
666294,482
666320,482
666329,480
666335,481
666340,482
666352,480
666358,481
666371,481
666373,480
666384,480
666385,482
666394,481
666400,481
666421,481
666424,482
666436,479
666470,481
666474,480
666477,478
666485,479
666487,481
666495,479
666499,482
666502,479
666544,480
666545,480
666573,480
666586,480
666592,482
666600,480
666611,480
666664,480
666683,480
666686,481
666700,481
666707,478
666709,481
666714,477
666729,479
666740,481
666750,482
666798,482
666805,481
666833,481
666848,479
666908,482
666954,481
666956,481
666958,482
666982,481
666985,481
667004,481
667044,480
667060,479
667078,480
667089,479
667096,480
667098,478
667103,482
667141,481
667165,482
667175,479
667193,479
667195,482
667201,480
667211,482
667219,482
667225,481
667276,481
667297,479
667298,482
667309,481
667336,479
667344,482
667377,481
667381,482
667384,478
667386,481
667406,480
667419,481
667434,480
667441,481
667572,481
667589,480
667610,482
667611,480
667623,479
667629,482
667632,477
667676,481
667710,482
667737,478
667744,482
667763,482
667765,482
667766,477
667781,481
667835,479
667873,480
667879,479
667889,482
667897,481
667898,480
667901,478
667914,480
667930,480
667972,477
667977,482
667996,481
667997,481
668002,481
668007,482
668045,482
668051,481
668059,480
668118,478
668128,481
668137,479
668141,482
668147,480
668152,481
668153,482
668294,482
668299,481
668321,480
668334,479
668357,479
668409,481
668437,478
668442,481
668448,482
668458,482
668490,481
668495,481
668499,479
668503,481
668504,479
668505,480
668519,481
668542,479
668553,482
668565,481
668618,479
668623,479
668641,479
668659,481
668666,480
668668,482
668674,478
668684,479
668687,479
668695,478
668711,482
668740,479
668759,478
668768,478
668794,478
668818,481
668821,480
668825,480
668829,479
668839,482
668845,480
668893,479
668900,478
668929,481
668941,478
668943,481
668945,480
668952,479
668955,478
668968,482
668996,482
669362,481
669473,482
669475,479
669485,480
669498,480
669511,482
669517,480
669521,478
669532,481
669533,482
669544,482
669568,479
669581,479
669591,481
669597,478
669619,481
669639,481
669674,480
669724,480
669738,478
669750,478
669754,482
669755,481
669783,481
669796,480
669803,480
669819,480
669820,482
669841,477
669855,477
669877,480
669910,479
669925,481
669934,482
669985,481
669988,478
669996,479
669998,481
669999,479
670001,480
670006,481
670010,482
670011,480
670021,482
670023,482
670036,478
670042,479
670063,482
670068,482
670078,479
670105,481
670107,480
670121,480
670129,479
670153,478
670166,482
670265,478
670267,481
670269,481
670271,480
670273,478
670283,481
670288,482
670314,479
670324,482
670326,479
670332,482
670335,482
670348,479
670370,481
670420,482
670441,480
670473,481
670575,481
670636,478
670796,481
670800,480
670801,477
670808,482
670821,482
670856,481
670881,481
670895,482
670897,479
671026,477
671079,481
671081,478
671093,482
671094,481
671112,481
671117,482
671128,481
671131,479
671132,481
671138,480
671147,481
671246,482
671267,480
671282,480
671296,480
671310,482
671319,481
671430,482
671460,482
671463,481
671476,480
671524,481
671570,480
671575,478
671577,481
671621,478
671629,482
671642,482
671647,482
671660,481
671685,482
671739,478
671806,482
671834,482
671872,480
671934,480
671937,481
671941,481
671962,478
671974,480
671975,481
671982,480
672000,482
672007,480
672018,482
672100,478
672107,478
672109,481
672127,481
672131,482
672147,480
672152,482
672176,480
672177,479
672179,481
672195,478
672199,478
672200,482
672210,480
672232,478
672293,482
672313,478
672345,480
672353,479
672357,479
672360,481
672361,480
672366,481
672470,482
672494,481
672497,478
672499,480
672503,480
672540,480
672542,481
672551,479
672632,479
672643,482
672660,481
672661,479
672669,482
672674,482
672706,480
672718,480
672790,482
672855,482
672858,481
672884,480
672906,480
672974,480
672976,481
673003,482
673009,478
673016,482
673025,482
673032,479
673033,481
673035,478
673056,478
673070,482
673087,479
673131,481
673136,481
673168,481
673173,478
673190,478
673198,478
673209,480
673273,479
673311,480
673313,481
673316,480
673323,482
673342,481
673343,482
673412,482
673422,480
673433,481
673449,481
673452,482
673467,478
673474,479
673483,481
673484,482
673506,480
673523,482
673565,479
673573,482
673591,482
673612,482
673636,481
673642,478
673643,480
673701,478
673711,481
673784,481
673795,480
673800,482
673850,480
673881,481
673887,478
673888,478
673904,482
673915,480
673925,481
673950,700
673955,479
673970,481
674002,477
674037,480
674046,480
674051,478
674053,481
674060,482
674067,481
674069,481
674078,479
674081,482
674085,479
674125,482
674128,481
674156,482
674160,481
674163,480
674166,481
674170,480
674198,480
674218,482
674224,481
674226,480
674240,481
674246,481
674258,480
674309,482
674333,481
674335,481
674353,479
674361,480
674419,479
674436,482
674468,480
674483,480
674489,481
674505,478
674511,481
674521,482
674579,481
674591,480
674593,479
674680,481
674714,481
674758,479
674763,482
674770,478
674787,479
674796,482
674808,480
674812,482
674822,482
674823,478
674840,479
674841,482
674894,481
674945,480
674958,482
674960,480
674968,478
674987,482
674994,478
674995,478
674997,480
674998,482
675053,481
675058,481
675059,478
675065,480
675092,481
675102,481
675105,481
675106,482
675115,479
675123,481
675125,479
675177,477
675205,482
675221,478
675228,478
675275,481
675280,481
675289,479
675292,477
675303,479
675306,478
675517,478
675526,482
675529,481
675534,480
675535,481
675539,481
675542,481
675544,479
675556,480
675566,481
675610,482
675619,479
675620,481
675623,480
675627,482
675629,482
675635,481
675646,482
675649,481
675659,481
675673,482
675679,480
675731,481
675732,478
675735,481
675745,479
675746,482
675754,480
675778,481
675838,481
675841,477
675847,481
675855,480
675859,481
675862,480
675927,478
675932,479
675958,481
675963,479
675982,480
675984,477
675999,484
676059,480
676109,481
676136,479
676173,481
676175,480
676177,480
676189,479
676266,479
676268,482
676276,479
676283,478
676297,478
676352,481
676370,478
676372,479
676387,479
676423,478
676424,482
676442,480
676444,479
676452,479
676508,482
676519,482
676523,480
676534,482
676541,478
676560,480
676566,479
676568,478
676625,481
676797,480
676833,480
676915,479
676916,480
676925,478
676942,482
677003,481
677004,480
677005,478
677010,477
677014,481
677022,479
677047,479
677072,480
677073,482
677074,481
677097,481
677104,478
677114,480
677119,479
677120,480
677155,478
677189,480
677192,481
677202,482
677242,482
677246,480
677250,481
677264,479
677267,481
677270,479
677274,481
677275,480
677292,480
677294,480
677297,481
677305,482
677307,481
677319,480
677320,481
677322,480
677325,482
677332,479
677340,480
677341,480
677343,480
677376,479
677382,479
677403,479
677412,482
677416,479
677420,482
677438,482
677465,482
677466,482
677497,481
677502,481
677523,479
677524,481
677528,481
677531,479
677534,479
677536,479
677539,481
677541,481
677556,479
677574,479
677575,481
677580,478
677586,481
677589,480
677595,481
677597,479
677599,479
677600,481
677609,479
677612,478
677625,481
677629,479
677641,480
677654,481
677655,481
677657,482
677667,480
677668,482
677680,478
677681,477
677684,481
677692,480
677700,479
677712,480
677749,480
677751,481
677755,481
677765,481
677820,482
677824,480
677832,482
677835,480
677846,481
677858,480
677862,479
677874,480
677876,479
677877,482
677882,479
677883,479
677885,478
677890,482
677897,480
677903,480
677916,480
677940,481
677963,479
677972,482
677974,479
677976,480
677980,481
677985,481
677990,480
677991,481
677994,484
677996,481
677999,481
678008,481
678011,481
678023,481
678035,481
678037,480
678042,478
678051,481
678062,479
678070,479
678083,482
678085,480
678108,479
678123,482
678135,481
678208,482
678216,482
678235,481
678247,482
678273,478
678278,479
678284,481
678291,478
678292,480
678296,478
678300,481
678306,479
678311,478
678317,481
678326,481
678342,481
678349,481
678350,479
678355,482
678365,480
678371,482
678374,481
678375,482
678382,481
678391,482
678407,479
678442,481
678443,481
678453,481
678455,478
678457,480
678459,479
678490,478
678504,478
678510,482
678513,481
678517,482
678519,479
678523,481
678524,480
678526,479
678529,479
678533,479
678536,479
678538,479
678541,479
678587,482
678594,481
678595,482
678600,482
678603,482
678606,480
678609,480
678615,481
678625,481
678628,479
678631,481
678635,478
678638,482
678641,482
678642,481
678644,478
678658,480
678659,479
678665,478
678668,479
678691,481
678709,480
678713,477
678719,482
678723,479
678738,479
678739,479
678742,478
678743,479
678747,481
678755,481
678757,482
678781,479
678791,481
678814,477
678818,480
678819,482
678820,480
678823,482
678830,480
678832,480
678836,478
678841,481
678858,479
678866,479
678877,482
678878,481
678882,482
678894,480
678909,482
678925,481
678935,481
678941,482
678959,480
678984,482
679029,481
679034,478
679036,481
679043,482
679045,479
679048,479
679053,478
679057,484
679064,481
679069,481
679082,480
679089,481
679094,479
679104,480
679107,480
679119,481
679129,481
679162,482
679164,482
679166,479
679169,480
679181,479
679186,482
679203,479
679217,480
679229,481
679239,481
679244,479
679276,482
679296,481
679297,481
679318,481
679327,478
679334,479
679344,482
679350,481
679376,482
679383,479
679384,478
679385,480
679396,482
679398,479
679400,481
679401,480
679402,480
679407,480
679408,479
679418,478
679434,482
679438,481
679459,481
679460,482
679462,481
679485,481
679486,478
679490,481
679495,481
679513,480
679527,482
679530,480
679547,481
679549,484
679553,482
679557,479
679558,482
679622,479
679626,481
679637,482
679649,481
679663,481
679665,480
679697,478
679700,482
679702,478
679706,482
679709,481
679713,481
679731,481
679739,478
679754,480
679780,480
679781,480
679787,482
679794,481
679795,480
679799,480
679809,481
679812,482
679827,481
679850,480
679851,480
679856,481
679860,482
679861,478
679871,482
679873,481
679882,479
679885,481
679889,479
679893,482
679895,478
679897,481
679900,479
679906,480
679915,484
679922,479
679934,482
679935,481
679937,479
679938,479
679943,479
679965,481
679972,482
679989,482
679990,482
679993,481
680006,481
680014,482
680035,479
680093,478
680098,482
680135,480
680142,481
680148,480
680149,481
680151,478
680152,482
680154,480
680158,479
680160,481
680177,479
680189,480
680191,479
680194,478
680201,481
680204,482
680209,479
680211,479
680213,478
680218,478
680227,479
680245,481
680248,478
680260,481
680353,482
680358,479
680392,481
680405,480
680414,478
680416,482
680417,482
680420,479
680425,482
680426,478
680442,480
680451,481
680454,481
680462,482
680468,481
680479,479
680481,479
680494,481
680497,478
680498,482
680499,480
680505,481
680508,482
680512,480
680516,480
680528,481
680529,480
680595,480
680598,478
680621,480
680624,479
680626,479
680627,478
680639,482
680641,479
680644,480
680650,481
680653,481
680664,479
680672,478
680684,481
680686,481
680689,480
680691,480
680696,478
680710,479
680714,481
680742,480
680747,479
680761,480
680765,479
680772,481
680790,481
680793,481
680799,480
680802,481
680803,481
680811,478
680813,480
680815,482
680827,479
680833,478
680854,481
680876,479
680877,480
680889,481
680927,482
680988,479
681014,480
681066,482
681068,481
681074,481
681077,480
681088,480
681090,478
681094,481
681097,482
681099,482
681103,478
681113,482
681154,482
681156,481
681196,478
681200,480
681213,482
681216,481
681231,480
681234,480
681236,482
681252,479
681267,481
681270,479
681272,478
681292,484
681317,479
681325,478
681327,480
681329,482
681334,478
681335,482
681336,482
681340,481
681351,479
681353,481
681391,482
681396,482
681417,479
681419,479
681422,481
681440,478
681445,478
681451,481
681456,482
681485,478
681487,482
681491,481
681521,477
681522,477
681527,479
681532,478
681533,478
681550,479
681551,480
681556,481
681557,479
681558,479
681559,478
681561,479
681562,480
681643,481
681750,481
681790,478
681807,481
681808,478
681831,480
681835,482
681842,482
681855,480
681908,481
681910,480
681919,478
681926,481
681931,478
681937,479
681939,480
681946,479
681959,481
681960,481
681975,482
682003,479
682012,478
682022,481
682024,480
682027,482
682115,481
682129,477
682183,481
682188,479
682205,480
682228,482
682232,479
682235,482
682263,482
682335,477
682341,478
682347,479
682387,481
682480,482
682486,479
682492,478
682496,481
682506,478
682507,480
682512,478
682521,482
682523,479
682537,478
682539,478
682609,481
682615,478
682630,478
682632,482
682636,477
682644,481
682659,479
682738,477
682775,482
682778,478
682782,481
682784,479
682862,480
682879,478
682894,478
682899,480
682903,481
682914,478
682956,481
682996,477
683007,478
683008,478
683019,478
683030,480
683045,479
683049,481
683122,480
683140,481
683199,482
683212,481
683297,700
683305,482
683306,481
683307,477
683312,482
683318,478
683326,481
683328,480
683343,478
683360,478
683363,479
683373,478
683377,480
683382,479
683449,480
683450,478
683471,700
683478,480
683482,482
683483,699
683508,479
683512,479
683513,481
683515,479
683537,480
683544,482
683573,479
683607,477
683615,481
683619,482
683625,481
683630,481
683635,478
683652,480
683658,479
683673,478
683692,481
683703,482
683711,480
683742,480
683745,700
683750,482
683751,479
683767,481
683774,482
683778,481
683784,480
683789,480
683794,479
683797,479
683800,480
683802,480
683808,481
683856,482
683868,477
683869,479
683879,479
683885,480
683896,482
683898,480
683904,478
683906,480
683909,481
683916,479
683920,477
683923,481
683926,480
683928,699
683929,479
683931,480
683945,480
683950,482
684003,479
684013,477
684080,480
684107,482
684135,482
684140,479
684144,481
684145,481
684146,478
684147,482
684155,481
684159,481
684165,479
684169,480
684170,481
684171,482
684173,482
684178,479
684184,481
684196,480
684197,480
684199,481
684215,482
684217,478
684229,482
684232,482
684234,480
684236,481
684243,480
684255,479
684260,481
684275,479
684299,478
684303,478
684308,478
684312,481
684320,481
684321,480
684325,481
684328,481
684332,479
684334,482
684354,480
684358,481
684359,482
684372,479
684377,481
684381,482
684382,480
684422,481
684446,480
684448,481
684450,479
684452,479
684455,477
684461,481
684462,480
684465,479
684467,478
684472,480
684475,481
684484,479
684499,482
684504,479
684505,482
684506,479
684508,480
684517,480
684523,479
684525,482
684528,482
684529,478
684531,482
684542,479
684550,481
684570,482
684574,481
684576,481
684579,482
684586,479
684601,481
684604,482
684608,480
684619,481
684624,479
684625,480
684627,482
684631,480
684632,482
684634,479
684635,482
684640,481
684663,479
684665,482
684688,482
684699,479
684700,480
684707,480
684716,478
684723,482
684726,480
684729,482
684734,478
684735,481
684745,479
684749,481
684752,480
684760,482
684761,478
684763,481
684764,482
684772,482
684777,482
684783,482
684796,481
684889,481
684906,481
684908,478
684949,481
684950,478
684953,481
684960,479
684961,481
684963,482
684964,478
684969,479
684974,480
684981,481
684982,479
684983,482
684988,481
684990,482
684996,481
685006,480
685013,479
685017,482
685020,480
685024,482
685025,478
685033,479
685040,482
685047,478
685048,477
685049,480
685053,481
685059,477
685063,482
685079,480
685105,482
685112,479
685114,482
685116,482
685124,482
685134,481
685153,482
685156,480
685162,479
685176,482
685177,478
685184,479
685187,478
685189,478
685201,481
685231,480
685234,481
685235,479
685236,480
685237,481
685242,481
685250,479
685267,478
685271,481
685295,482
685304,480
685317,482
685342,477
685344,478
685351,482
685362,481
685366,478
685367,481
685375,482
685380,478
685388,477
685398,482
685405,480
685406,480
685408,478
685409,480
685416,479
685434,481
685437,480
685438,481
685439,477
685446,481
685472,482
685474,477
685475,700
685477,482
685479,479
685482,482
685494,479
685498,482
685500,479
685503,478
685510,481
685511,482
685518,478
685520,481
685521,482
685528,481
685544,481
685548,481
685558,478
685559,482
685574,481
685588,480
685589,480
685594,482
685617,481
685626,480
685670,482
685671,481
685679,482
685695,482
685699,481
685727,480
685728,481
685729,482
685730,480
685742,481
685743,478
685749,478
685751,478
685759,479
685761,481
685763,481
685795,477
685814,481
685822,479
685826,482
685828,482
685829,480
685830,481
685832,478
685835,482
685837,477
685840,481
685849,481
685887,479
685891,481
685893,480
685895,482
685898,480
685905,479
685909,480
685924,478
685927,480
685928,481
685935,480
685940,480
685942,478
685952,481
685958,479
685959,481
685968,479
685972,481
685979,479
685981,481
685983,479
685985,481
686002,478
686004,480
686015,478
686019,700
686021,478
686023,478
686025,480
686027,480
686031,482
686037,481
686039,478
686041,482
686042,478
686054,478
686060,480
686065,478
686073,478
686079,479
686092,482
686093,481
686095,479
686099,480
686102,480
686121,482
686152,481
686153,481
686154,480
686159,482
686160,479
686163,479
686166,481
686168,478
686178,478
686180,481
686193,479
686197,481
686198,480
686199,482
686205,479
686216,482
686220,480
686227,479
686228,479
686230,481
686232,479
686235,482
686239,481
686240,479
686254,482
686266,480
686282,482
686295,482
686297,481
686298,480
686299,482
686309,481
686310,479
686312,482
686313,481
686316,478
686321,479
686329,481
686332,478
686334,479
686339,480
686342,478
686344,481
686347,481
686352,480
686356,479
686358,479
686363,481
686365,481
686370,482
686376,480
686405,480
686446,481
686457,481
686460,482
686485,478
686521,479
686532,481
686535,480
686536,482
686541,479
686542,482
686543,481
686549,480
686550,481
686559,482
686561,478
686567,481
686569,478
686579,479
686581,479
686592,479
686605,481
686614,477
686615,478
686619,480
686624,479
686665,479
686666,480
686673,482
686675,479
686680,480
686683,478
686697,478
686704,481
686705,481
686706,481
686707,479
686711,482
686715,480
686724,482
686725,479
686728,480
686733,479
686735,480
686736,479
686738,478
686739,478
686742,479
686747,480
686758,481
686794,478
686802,477
686807,479
686809,480
686813,478
686815,478
686817,482
686820,480
686823,480
686824,481
686827,481
686831,480
686832,482
686836,479
686850,480
686851,481
686853,479
686887,480
686890,480
686903,480
686909,481
686915,480
686921,482
686926,482
686931,478
686935,481
686944,481
686947,482
686949,479
686951,478
686954,481
686956,481
686957,479
686960,480
686963,480
686975,479
686976,482
686980,481
686983,479
686985,480
686988,481
686997,481
686999,481
687000,482
687001,480
687008,478
687017,479
687020,480
687028,481
687029,478
687037,482
687045,481
687046,481
687085,480
687108,480
687110,481
687112,480
687174,482
687178,478
687180,482
687182,479
687183,481
687186,478
687188,477
687192,482
687197,482
687201,482
687204,477
687205,482
687211,480
687213,478
687215,479
687216,482
687218,482
687221,700
687222,480
687238,480
687239,482
687241,480
687257,479
687259,480
687266,478
687267,480
687270,479
687280,481
687284,479
687305,480
687307,481
687326,478
687331,482
687333,478
687341,479
687344,479
687351,481
687365,480
687371,482
687372,481
687374,481
687376,481
687416,480
687418,482
687419,479
687442,480
687445,480
687450,482
687452,478
687464,481
687466,482
687480,482
687504,479
687513,480
687520,481
687525,482
687528,478
687535,481
687536,481
687540,480
687541,481
687542,482
687549,481
687576,482
687582,478
687585,481
687600,480
687601,479
687606,479
687611,480
687612,479
687616,481
687621,482
687623,478
687628,482
687644,479
687646,480
687647,479
687713,481
687732,482
687736,481
687741,482
687759,477
687761,481
687763,479
687766,481
687769,479
687778,481
687779,481
687781,480
687791,481
687793,481
687805,479
687811,479
687812,478
687815,480
687821,481
687822,482
687824,481
687825,481
687826,480
687838,478
687854,482
687872,481
687873,482
687877,481
687879,478
687880,481
687882,480
687893,480
687894,479
687898,481
687905,481
687907,481
687908,482
687913,480
687918,480
687928,482
687940,481
687951,482
687956,481
687961,479
687966,479
687970,481
687971,480
687983,480
687984,478
687985,482
687986,480
688007,481
688008,481
688018,479
688023,481
688064,479
688066,480
688071,479
688074,478
688076,481
688080,479
688085,481
688091,478
688097,481
688105,482
688108,481
688119,480
688121,482
688122,482
688123,478
688128,482
688129,481
688171,481
688203,481
688213,480
688228,479
688232,482
688256,482
688263,481
688279,479
688281,479
688299,479
688307,479
688308,482
688320,482
688325,481
688331,480
688332,482
688336,478
688343,478
688348,481
688351,481
688361,482
688386,482
688405,481
688413,481
688414,481
688419,479
688432,481
688437,479
688447,481
688467,481
688470,479
688473,478
688482,482
688483,481
688488,480
688497,480
688503,479
688506,479
688507,482
688508,480
688518,479
688528,479
688529,479
688531,482
688540,478
688542,480
688558,479
688559,479
688560,481
688563,481
688566,480
688568,481
688571,481
688575,479
688580,480
688594,480
688598,478
688610,481
688611,482
688613,481
688639,477
688640,482
688645,477
688653,479
688657,482
688663,480
688666,482
688671,480
688674,482
688678,479
688679,481
688681,482
688683,478
688684,478
688688,481
688693,480
688701,481
688712,481
688713,479
688759,480
688775,481
688792,480
688794,482
688808,478
688825,479
688833,482
688835,482
688843,477
688846,481
688850,481
688852,480
688853,479
688854,481
688860,478
688865,481
688876,481
688877,482
688886,480
688888,481
688896,482
688898,479
688905,478
688906,477
688909,482
688936,479
688949,480
688957,481
688959,481
688961,479
688963,478
688964,481
688965,481
688966,478
688967,481
688970,479
688971,482
688982,480
688989,480
688999,478
689009,480
689012,477
689020,481
689021,480
689026,481
689030,481
689039,479
689040,481
689041,479
689042,478
689065,480
689066,479
689072,478
689073,700
689074,478
689084,478
689086,477
689095,479
689105,479
689106,481
689107,484
689111,481
689116,480
689118,479
689120,478
689124,478
689134,481
689141,481
689161,479
689162,482
689187,481
689191,480
689192,479
689193,478
689195,479
689200,482
689201,482
689207,479
689208,478
689212,479
689214,481
689237,481
689258,478
689262,479
689263,480
689268,479
689270,480
689281,482
689292,477
689293,478
689296,479
689298,479
689305,480
689307,482
689315,480
689316,480
689329,481
689361,480
689372,482
689376,479
689388,478
689396,478
689407,482
689410,480
689427,480
689429,482
689488,481
689490,482
689493,479
689494,482
689499,481
689502,481
689505,479
689527,482
689530,479
689536,478
689537,481
689541,482
689545,479
689555,479
689563,482
689564,481
689565,479
689567,482
689573,482
689575,480
689579,479
689591,481
689597,481
689613,482
689618,480
689633,480
689637,480
689639,480
689642,479
689645,481
689652,481
689653,480
689656,480
689658,479
689662,478
689664,480
689674,478
689676,481
689678,482
689679,478
689683,482
689685,479
689688,481
689689,479
689691,481
689718,482
689744,478
689747,481
689750,478
689762,479
689763,479
689783,478
689788,480
689789,481
689800,480
689810,477
689824,481
689827,481
689841,482
689846,481
689860,482
689863,479
689878,481
689885,479
689889,478
689891,479
689914,482
689915,481
689920,482
689922,480
689925,479
689929,482
689930,481
689937,480
689941,478
689942,478
689943,481
689945,480
689946,482
689947,481
689953,479
689954,480
689956,481
689957,478
689964,481
689966,480
689967,480
689971,481
689973,482
689976,481
689984,480
689985,478
690008,482
690035,479
690063,481
690109,479
690110,481
690118,482
690130,479
690163,482
690165,481
690167,481
690170,482
690175,481
690179,481
690180,479
690182,482
690190,482
690198,481
690201,480
690202,479
690205,480
690210,481
690216,482
690221,480
690225,480
690226,482
690229,478
690231,482
690251,481
690277,481
690283,481
690287,481
690289,480
690294,482
690297,480
690298,482
690310,479
690311,481
690312,478
690316,481
690318,482
690319,480
690321,480
690322,482
690325,480
690334,478
690372,479
690376,479
690389,480
690391,478
690393,478
690407,482
690452,481
690455,479
690456,479
690468,482
690471,480
690474,480
690483,481
690487,482
690500,479
690518,478
690526,479
690539,481
690551,478
690610,482
690629,482
690641,480
690651,482
690695,481
690698,482
690701,480
690704,481
690716,479
690718,478
690721,478
690722,480
690725,479
690726,479
690729,479
690736,480
690748,480
690750,479
690754,480
690775,480
690788,480
690789,479
690790,477
690792,478
690798,481
690799,477
690807,482
690816,481
690817,480
690819,478
690835,478
690847,478
690850,480
690853,477
690854,479
690858,481
690859,479
690862,477
690864,477
690865,478
690868,480
690873,479
690882,478
690884,480
690886,479
690918,478
690920,478
690921,481
690922,481
690923,479
690924,481
690927,479
690933,478
690934,481
690939,478
690945,480
690948,478
690952,480
690959,478
690963,481
690969,478
690971,482
690973,481
690974,481
690990,477
690993,482
691020,482
691023,477
691043,480
691064,481
691065,481
691072,480
691094,481
691096,480
691097,481
691098,477
691104,481
691114,479
691122,480
691127,479
691132,480
691136,479
691141,480
691168,481
691172,478
691176,700
691177,481
691179,477
691180,481
691181,479
691187,480
691211,482
691225,481
691245,482
691246,480
691247,477
691249,482
691250,480
691259,477
691267,481
691309,479
691314,479
691315,480
691326,482
691332,481
691364,481
691365,478
691366,479
691367,482
691370,479
691372,477
691373,479
691378,480
691379,699
691387,478
691390,479
691399,481
691424,479
691473,480
691484,479
691509,478
691513,480
691514,481
691516,478
691520,478
691529,479
691531,482
691532,478
691534,478
691535,482
691538,480
691562,700
691574,479
691576,481
691578,482
691580,481
691581,479
691583,479
691591,479
691593,481
691600,480
691604,478
691606,480
691607,481
691615,481
691616,479
691617,479
691629,482
691633,479
691635,481
691636,480
691639,480
691642,481
691643,481
691653,479
691654,479
691658,700
691665,480
691678,481
691679,482
691680,478
691681,479
691683,482
691689,479
691691,478
691694,480
691695,480
691698,479
691699,480
691701,481
691702,481
691705,482
691711,480
691712,481
691715,479
691716,482
691758,480
691760,478
691843,484
691853,482
691857,481
691860,479
691884,480
691889,481
691890,480
691891,481
691892,481
691896,478
691901,479
691902,481
691903,481
691905,478
691906,481
691908,482
691909,480
691910,480
691911,481
691912,481
691915,478
691920,482
691922,481
691925,479
691926,482
691927,481
691930,482
691931,481
691933,481
691936,477
691938,480
691939,480
691940,481
691941,479
691947,482
691948,479
691950,478
691953,481
691964,481
691969,482
691981,482
692017,482
692020,482
692021,479
692025,481
692038,479
692042,479
692043,481
692048,478
692050,481
692055,484
692056,478
692057,481
692058,478
692060,479
692061,479
692065,480
692066,481
692067,479
692071,480
692075,479
692078,478
692080,482
692081,482
692083,480
692085,482
692088,478
692089,481
692092,478
692093,479
692095,481
692113,480
692128,481
692129,478
692130,478
692131,479
692132,479
692134,481
692139,481
692141,481
692143,481
692144,478
692146,479
692150,482
692151,478
692152,482
692153,482
692155,479
692156,482
692158,478
692159,480
692160,477
692165,482
692169,479
692172,481
692183,479
692185,481
692187,477
692204,481
692205,479
692208,479
692215,480
692217,478
692219,479
692220,481
692221,482
692222,482
692226,482
692229,482
692234,481
692235,484
692237,481
692245,481
692255,478
692265,480
692267,478
692271,479
692278,480
692280,478
692282,480
692283,699
692288,481
692289,479
692292,480
692294,479
692296,481
692299,480
692311,481
692316,479
692317,481
692318,478
692319,481
692325,482
692327,481
692328,477
692329,479
692330,482
692332,481
692333,480
692336,479
692337,481
692343,482
692354,481
692374,481
692387,481
692406,481
692410,481
692425,479
692437,477
692439,479
692440,482
692441,478
692442,480
692443,482
692444,477
692445,479
692446,700
692447,478
692449,481
692452,480
692453,478
692456,480
692459,481
692462,480
692463,482
692465,481
692467,481
692468,699
692470,479
692471,478
692474,482
692476,480
692477,481
692478,479
692479,478
692485,482
692488,480
692491,478
692498,477
692513,481
692516,479
692520,480
692523,480
692524,479
692529,481
692531,482
692535,478
692536,482
692537,481
692540,479
692542,482
692545,479
692548,479
692552,481
692553,481
692574,479
692581,478
692588,481
692593,481
692598,480
692599,479
692604,478
692615,481
692624,478
692632,479
692640,479
692642,480
692649,481
692650,482
692652,479
692660,480
692663,480
692669,481
692675,480
692678,478
692679,482
692680,480
692683,479
692685,478
692693,481
692701,482
692713,482
692717,478
692724,480
692742,482
692743,481
692749,479
692753,481
692754,479
692755,480
692757,479
692759,478
692762,480
692765,479
692769,480
692783,482
692800,481
692803,480
692804,482
692806,481
692816,479
692830,481
692832,478
692862,482
692912,481
692913,480
692915,481
692918,479
692928,481
692931,481
692937,482
692938,481
692940,478
692941,478
692956,478
692957,481
692958,479
692959,479
692960,482
692963,478
692969,479
692971,479
692972,478
692983,481
692996,482
692998,479
693000,480
693003,479
693004,480
693005,480
693006,481
693008,478
693009,477
693011,481
693013,477
693021,479
693025,480
693029,478
693032,480
693033,482
693041,481
693045,478
693048,481
693051,482
693052,478
693053,479
693076,481
693079,479
693080,479
693082,479
693085,479
693087,481
693089,482
693092,479
693096,480
693097,479
693098,481
693099,479
693108,481
693118,481
693125,478
693128,478
693129,479
693132,480
693134,481
693141,699
693147,481
693149,480
693152,481
693179,478
693182,478
693183,481
693186,479
693188,480
693189,481
693196,479
693203,480
693206,482
693238,480
693258,478
693261,481
693268,479
693269,481
693271,480
693278,481
693280,478
693281,482
693282,481
693284,478
693285,478
693287,482
693292,477
693293,479
693297,482
693305,482
693306,481
693307,480
693311,478
693313,477
693314,482
693315,480
693316,480
693321,482
693324,478
693338,481
693350,480
693353,479
693356,481
693360,479
693361,478
693362,477
693363,478
693364,478
693370,479
693371,480
693372,477
693373,478
693376,479
693379,700
693383,482
693385,480
693391,479
693397,482
693398,481
693399,479
693413,477
693415,478
693416,481
693418,481
693429,480
693441,481
693447,480
693448,482
693449,481
693451,482
693459,479
693460,479
693463,477
693464,481
693466,479
693476,481
693492,482
693496,482
693497,478
693498,479
693501,481
693502,479
693506,477
693514,478
693517,479
693519,478
693520,481
693523,480
693535,480
693555,481
693563,481
693564,477
693567,479
693573,481
693574,481
693580,482
693583,481
693592,481
693637,481
693643,477
693669,479
693675,482
693681,480
693682,482
693685,480
693687,481
693691,478
693701,482
693702,479
693703,480
693706,482
693719,479
693723,478
693729,482
693731,482
693736,479
693737,481
693741,481
693748,479
693749,481
693751,481
693752,478
693759,481
693762,481
693765,479
693768,482
693770,481
693772,479
693775,481
693776,480
693778,481
693795,481
693813,481
693814,481
693815,478
693817,481
693818,478
693831,481
693833,481
693834,481
693837,481
693841,481
693843,482
693848,479
693851,479
693852,478
693855,479
693863,477
693867,477
693870,479
693872,478
693874,481
693877,482
693886,481
693893,481
693920,478
693922,480
693925,480
693927,481
693929,479
693930,481
693931,482
693942,480
693954,481
693955,480
693959,480
693968,479
693969,479
693973,478
693976,479
693977,482
693978,481
693979,481
693986,482
694010,482
694020,482
694050,482
694111,480
694113,481
694115,478
694116,477
694119,480
694131,479
694134,480
694137,479
694140,480
694141,478
694142,480
694145,479
694146,480
694147,481
694151,481
694153,477
694156,480
694157,481
694162,479
694163,479
694165,481
694167,480
694174,482
694181,478
694195,482
694198,478
694200,480
694201,480
694202,481
694203,481
694207,481
694215,478
694217,479
694218,481
694219,480
694222,477
694228,482
694234,482
694258,477
694261,479
694264,484
694267,477
694270,477
694283,478
694295,480
694302,478
694306,478
694308,480
694310,480
694311,478
694312,480
694314,481
694315,480
694317,481
694326,482
694331,482
694332,481
694341,479
694348,481
694349,479
694351,480
694353,481
694354,480
694358,481
694366,480
694367,481
694370,481
694375,477
694386,479
694387,481
694411,481
694416,478
694420,481
694422,478
694423,481
694424,480
694426,480
694438,479
694441,480
694442,480
694443,480
694446,479
694447,480
694448,480
694450,480
694453,478
694456,482
694461,480
694466,482
694470,480
694483,482
694499,481
694509,480
694524,479
694551,481
694555,479
694560,481
694561,481
694568,480
694569,478
694570,478
694574,482
694577,482
694579,480
694580,480
694582,478
694584,480
694588,479
694589,479
694590,480
694594,480
694596,480
694603,480
694621,480
694622,482
694623,481
694636,481
694638,482
694641,479
694644,478
694645,481
694648,480
694649,480
694650,480
694655,477
694672,477
694673,480
694679,482
694697,482
694698,480
694700,480
694701,479
694704,480
694707,480
694708,480
694712,479
694713,479
694717,480
694718,480
694719,478
694725,481
694726,479
694728,480
694730,480
694733,479
694735,478
694736,479
694737,481
694738,480
694739,479
694761,477
694762,481
694765,480
694766,477
694767,482
694771,477
694773,481
694779,479
694781,480
694783,480
694786,482
694787,481
694790,478
694791,480
694792,480
694796,477
694798,478
694805,480
694810,480
694822,478
694825,480
694832,480
694833,479
694834,480
694838,479
694839,480
694840,477
694843,480
694844,481
694845,484
694849,478
694852,480
694854,480
694858,477
694859,480
694862,479
694895,480
694955,480
694982,480
694983,477
694984,480
694987,480
694988,482
694989,482
694990,479
694991,480
694993,480
694994,480
694995,477
694997,479
694998,480
695001,478
695014,480
695018,481
695021,480
695025,480
695031,481
695032,481
695033,480
695038,480
695059,480
695060,480
695065,478
695066,480
695069,480
695072,477
695079,480
695080,482
695084,480
695088,480
695089,478
695093,480
695095,479
695106,480
695131,479
695132,480
695145,481
695148,480
695150,482
695151,480
695152,482
695153,480
695163,480
695164,480
695170,480
695173,477
695175,478
695176,481
695198,480
695199,477
695201,477
695206,480
695212,478
695213,477
695214,479
695222,480
695225,481
695226,480
695255,478
695256,477
695260,479
695262,480
695265,478
695267,480
695270,481
695276,477
695277,481
695282,484
695286,478
695287,479
695297,480
695331,481
695363,480
695404,480
695405,478
695427,480
695428,481
695429,480
695430,479
695434,479
695435,480
695438,479
695439,481
695445,480
695446,481
695447,479
695451,479
695452,479
695462,482
695465,480
695470,482
695472,481
695485,482
695489,480
695491,480
695507,477
695518,478
695520,480
695521,480
695523,479
695526,478
695527,481
695530,481
695531,480
695533,479
695538,477
695540,479
695542,480
695543,477
695546,480
695549,484
695550,480
695556,482
695564,480
695567,480
695586,481
695592,484
695601,480
695602,482
695603,477
695605,477
695606,482
695609,477
695616,480
695619,478
695621,478
695622,482
695624,480
695630,480
695631,481
695639,480
695648,480
695653,481
695657,482
695659,479
695671,484
695676,480
695688,478
695689,480
695690,481
695691,481
695693,481
695702,480
695703,480
695705,481
695707,477
695710,478
695711,482
695713,480
695714,480
695722,481
695723,480
695725,482
695729,480
695732,482
695733,480
695737,478
695738,480
695740,481
695741,484
695751,479
695754,482
695764,480
695766,479
695767,480
695770,479
695771,480
695773,482
695774,480
695776,480
695777,479
695781,484
695783,480
695784,480
695788,479
695790,479
695791,480
695794,480
695799,480
695800,479
695803,481
695805,480
695807,479
695814,481
695819,480
695883,479
695885,480
695887,482
695900,481
695906,477
695927,480
695929,481
695933,479
695935,481
695938,481
695939,479
695942,480
695944,482
695949,480
695950,481
695951,480
695957,480
695963,478
695970,482
695972,482
695975,481
695976,478
695977,481
695981,479
695998,484
696012,480
696018,480
696021,478
696022,482
696024,479
696025,481
696031,477
696032,480
696035,480
696038,481
696042,477
696043,479
696045,477
696049,479
696050,481
696052,481
696055,479
696056,481
696059,479
696061,480
696062,479
696063,480
696064,481
696065,481
696067,481
696078,479
696095,479
696096,480
696097,481
696098,478
696101,480
696102,482
696103,480
696104,482
696105,478
696106,478
696107,482
696109,484
696113,479
696115,478
696116,482
696120,480
696123,480
696125,477
696126,482
696127,480
696129,479
696134,480
696135,482
696137,484
696139,477
696141,478
696144,479
696148,481
696152,479
696174,478
696179,481
696180,479
696182,479
696183,480
696184,479
696189,481
696204,481
696205,481
696209,480
696214,480
696218,481
696219,478
696229,482
696248,479
696250,481
696255,479
696258,480
696262,481
696264,480
696265,481
696266,480
696267,479
696268,478
696271,479
696277,481
696278,478
696280,481
696283,478
696284,478
696286,477
696288,478
696291,479
696292,478
696295,481
696297,481
696302,480
696303,482
696305,480
696334,481
696344,481
696347,482
696361,479
696362,477
696365,479
696408,481
696409,481
696411,481
696413,481
696415,479
696416,480
696418,477
696423,480
696424,480
696426,478
696439,479
696440,479
696443,479
696451,478
696454,479
696455,482
696456,481
696457,482
696458,479
696459,482
696460,482
696461,481
696462,481
696463,481
696465,481
696466,481
696467,478
696468,478
696471,482
696496,480
696511,478
696513,479
696514,481
696516,481
696519,477
696521,481
696524,481
696527,479
696529,480
696530,479
696531,479
696533,478
696536,482
696538,477
696544,480
696548,480
696554,482
696557,481
696560,479
696561,481
696562,481
696566,478
696571,480
696574,478
696575,480
696580,479
696581,480
696596,480
696624,479
696625,479
696626,481
696628,479
696630,481
696631,479
696632,481
696635,481
696641,480
696642,478
696643,478
696645,479
696647,479
696648,481
696650,478
696657,481
696661,484
696666,480
696667,479
696670,484
696672,481
696676,482
696677,480
696685,481
696700,479
696702,480
696703,482
696713,482
696718,479
696736,478
696738,479
696739,481
696744,481
696747,482
696751,481
696758,480
696759,481
696762,478
696765,479
696766,479
696769,479
696771,480
696776,479
696778,480
696786,479
696790,481
696794,478
696799,478
696801,481
696806,478
696812,482
696834,479
696846,479
696861,481
696867,481
696876,481
696922,480
696953,480
696954,479
696957,481
696960,477
696961,480
696964,480
696966,482
696967,480
696969,480
696970,479
696972,480
696973,477
696977,479
696982,480
696983,479
696986,481
696989,484
696994,482
696997,478
696998,481
696999,480
697000,479
697002,480
697004,481
697005,479
697009,479
697011,481
697013,480
697018,481
697019,481
697022,479
697024,480
697028,479
697031,481
697033,477
697034,479
697038,478
697046,480
697048,478
697060,481
697074,482
697076,481
697077,478
697083,480
697084,480
697085,477
697086,478
697088,479
697095,481
697097,479
697098,479
697101,480
697103,481
697108,479
697110,481
697111,478
697112,478
697117,482
697121,480
697123,480
697124,478
697126,479
697129,477
697132,480
697136,480
697137,478
697138,482
697139,482
697142,480
697151,481
697154,481
697160,480
697162,481
697167,479
697180,480
697181,481
697182,478
697184,479
697185,479
697188,478
697190,479
697191,480
697192,478
697193,481
697194,479
697198,480
697202,482
697205,481
697206,478
697208,477
697209,478
697210,479
697215,480
697216,481
697218,477
697222,481
697225,479
697231,482
697232,480
697233,478
697234,481
697239,478
697246,480
697257,478
697259,482
697266,481
697274,481
697276,482
697278,482
697293,482
697295,481
697301,481
697304,482
697317,479
697330,480
697331,480
697332,482
697334,484
697336,481
697337,479
697338,481
697339,480
697340,479
697343,479
697344,480
697346,480
697347,480
697350,479
697353,479
697354,481
697355,479
697359,481
697364,480
697365,479
697367,478
697370,479
697373,481
697375,479
697377,478
697378,478
697379,482
697381,477
697383,481
697386,478
697388,480
697389,481
697391,479
697393,481
697395,480
697396,479
697399,482
697400,482
697402,481
697403,478
697407,481
697409,477
697412,481
697416,481
697417,481
697419,479
697420,481
697421,480
697423,478
697429,480
697430,481
697433,482
697453,481
697457,480
697465,482
697474,481
697482,481
697499,481
697503,482
697504,481
697511,481
697514,482
697520,480
697532,481
697541,481
697546,481
697549,479
697550,479
697551,481
697552,480
697553,477
697554,477
697555,477
697556,480
697557,479
697559,481
697561,481
697562,482
697563,482
697566,480
697569,479
697570,477
697571,478
697578,479
697585,477
697588,479
697592,477
697593,480
697594,482
697603,477
697604,477
697607,480
697611,481
697620,481
697624,479
697626,479
697627,478
697638,480
697644,477
697645,479
697646,479
697647,479
697653,481
697654,480
697658,480
697670,479
697674,479
697686,700
697687,482
697703,478
697704,479
697705,477
697707,479
697712,480
697714,481
697715,482
697716,477
697719,478
697720,479
697721,477
697723,478
697724,482
697730,479
697733,479
697734,478
697736,480
697738,479
697739,480
697742,479
697743,481
697744,700
697746,478
697747,479
697748,479
697752,477
697754,482
697757,477
697758,480
697761,478
697764,480
697765,481
697770,481
697775,481
697777,480
697778,477
697779,480
697782,480
697785,481
697787,481
697788,478
697789,478
697813,479
697816,481
697817,480
697818,480
697824,478
697826,482
697827,478
697841,482
697842,698
697845,482
697846,479
697849,481
697851,480
697854,482
697855,478
697857,481
697859,479
697862,482
697868,480
697873,478
697876,481
697877,480
697878,481
697879,479
697881,481
697883,478
697887,479
697889,482
697890,477
697892,481
697904,480
697905,478
697908,478
697909,481
697910,478
697912,481
697915,481
697918,481
697919,484
697922,477
697923,478
697924,480
697926,479
697928,479
697931,481
697935,482
697938,478
697963,481
697964,481
697965,478
697966,478
697967,481
697968,479
697969,479
697971,479
697972,478
697973,478
697974,480
697976,481
697977,480
697978,480
697984,481
697989,481
697991,478
697993,480
697998,481
698005,479
698007,480
698013,478
698014,478
698015,482
698018,484
698019,481
698020,480
698021,477
698022,480
698023,478
698027,481
698029,481
698030,480
698031,478
698032,480
698034,480
698035,481
698036,479
698038,478
698039,480
698040,480
698042,478
698046,478
698047,478
698049,482
698050,480
698051,478
698063,481
698069,480
698087,482
698088,479
698090,479
698091,480
698094,479
698095,480
698096,481
698097,481
698098,480
698099,479
698100,481
698102,478
698103,479
698107,478
698110,478
698111,479
698114,479
698115,482
698118,479
698119,481
698122,479
698123,480
698124,478
698133,480
698136,480
698137,480
698140,478
698141,480
698143,480
698145,481
698146,477
698147,482
698148,481
698150,481
698151,480
698153,479
698156,482
698166,481
698168,478
698187,480
698191,480
698195,479
698200,482
698208,699
698223,480
698245,478
698248,480
698266,479
698269,481
698270,481
698273,478
698274,479
698278,479
698293,480
698295,478
698298,478
698300,482
698301,477
698302,478
698303,478
698305,480
698309,479
698310,481
698311,480
698313,481
698315,481
698323,480
698326,481
698327,480
698329,479
698330,478
698333,479
698335,480
698336,480
698337,479
698343,482
698344,478
698346,480
698347,481
698348,479
698350,480
698353,482
698354,478
698357,481
698360,481
698362,479
698364,480
698365,482
698368,480
698369,481
698372,480
698374,481
698375,479
698381,480
698389,480
698390,482
698392,482
698397,481
698413,479
698415,480
698417,477
698419,480
698420,481
698423,478
698424,481
698425,481
698426,479
698428,480
698430,479
698436,482
698438,480
698439,478
698440,481
698445,481
698447,700
698448,478
698449,481
698455,482
698456,482
698457,480
698459,481
698460,480
698463,480
698464,481
698465,477
698466,482
698467,480
698468,479
698470,479
698473,477
698477,481
698481,477
698483,479
698488,479
698489,481
698491,480
698498,481
698504,478
698508,479
698511,481
698524,482
698528,479
698531,480
698533,480
698534,477
698535,480
698541,481
698543,480
698544,479
698545,480
698546,479
698554,480
698555,480
698557,479
698562,477
698563,479
698565,478
698567,480
698569,477
698570,481
698577,480
698578,479
698579,482
698581,481
698582,480
698587,480
698593,481
698597,477
698598,484
698601,481
698602,481
698615,479
698619,477
698620,477
698622,478
698623,479
698625,482
698626,478
698634,477
698637,482
698641,479
698642,480
698645,477
698647,480
698649,480
698651,481
698652,482
698653,481
698655,482
698656,481
698659,480
698660,478
698661,478
698662,481
698663,480
698668,479
698670,480
698672,481
698676,482
698677,478
698678,478
698680,478
698681,479
698682,479
698683,481
698685,479
698687,479
698688,481
698716,479
698718,478
698720,480
698721,481
698723,478
698724,481
698727,478
698728,478
698729,481
698731,481
698735,480
698740,478
698743,480
698745,480
698746,482
698747,482
698749,478
698754,477
698757,478
698758,477
698760,479
698761,479
698762,480
698766,480
698769,478
698770,484
698771,481
698773,479
698779,477
698780,482
698786,480
698787,479
698842,477
698859,484
698883,482
698887,480
698890,480
698892,479
698893,479
698895,481
698896,481
698897,479
698899,481
698902,478
698905,480
698908,482
698912,480
698914,478
698917,478
698919,481
698920,478
698923,482
698926,479
698928,477
698930,478
698936,479
698940,480
698942,481
698945,480
698947,482
698951,484
698952,480
698954,480
698956,479
698957,478
698960,480
698977,481
698991,480